<?xml version="1.0" encoding="UTF-8"?>
<project-private xmlns="http://www.netbeans.org/ns/project-private/1">
    <editor-bookmarks xmlns="http://www.netbeans.org/ns/editor-bookmarks/2" lastBookmarkId="0"/>
    <open-files xmlns="http://www.netbeans.org/ns/projectui-open-files/2">
        <group>
            <file>file:/C:/Users/wilss/OneDrive/Dokument/NetBeansProjects/MyFirstRepository/PizzaMess/src/java/pizzapackage/PizzaManager.java</file>
            <file>file:/C:/Users/wilss/OneDrive/Dokument/NetBeansProjects/MyFirstRepository/PizzaMess/web/index.xhtml</file>
            <file>file:/C:/Users/wilss/OneDrive/Dokument/NetBeansProjects/MyFirstRepository/PizzaMess/src/java/service/PizzaFacadeREST.java</file>
            <file>file:/C:/Users/wilss/OneDrive/Dokument/NetBeansProjects/MyFirstRepository/PizzaMess/src/java/pizzapackage/PizzaController.java</file>
            <file>file:/C:/Users/wilss/OneDrive/Dokument/NetBeansProjects/MyFirstRepository/PizzaMess/src/java/pizzapackage/Pizza.java</file>
        </group>
    </open-files>
</project-private>
